product_id,product_name,category,price,stock_qty
2,Product_0001,B,12.5,2
3,Product_0002,C,15,3
4,Product_0003,D,17.5,4
5,Product_0004,A,20,5
6,Product_0005,B,22.5,6
7,Product_0006,C,25,7
8,Product_0007,D,27.5,8
9,Product_0008,A,30,9
10,Product_0009,B,32.5,10
11,Product_0010,C,35,11
12,Product_0011,D,37.5,12
13,Product_0012,A,40,13
14,Product_0013,B,42.5,14
15,Product_0014,C,45,15
16,Product_0015,D,47.5,16
17,Product_0016,A,50,17
19,Product_0018,C,55,19
20,Product_0019,D,57.5,20
21,Product_0020,A,60,21
22,Product_0021,B,62.5,22
23,Product_0022,C,65,23
25,Product_0024,A,70,25
26,Product_0025,B,72.5,26
27,Product_0026,C,75,27
28,Product_0027,D,77.5,28
29,Product_0028,A,80,29
31,Product_0030,C,85,31
32,Product_0031,D,87.5,32
33,Product_0032,A,90,33
34,Product_0033,B,92.5,34
36,Product_0035,D,97.5,36
37,Product_0036,A,100,37
38,Product_0037,B,102.5,38
39,Product_0038,C,105,39
40,Product_0039,D,107.5,40
41,Product_0040,A,110,41
42,Product_0041,B,112.5,42
43,Product_0042,C,115,43
44,Product_0043,D,117.5,44
45,Product_0044,A,120,45
46,Product_0045,B,122.5,46
48,Product_0047,D,127.5,48
49,Product_0048,A,130,49
50,Product_0049,B,132.5,50
51,Product_0050,C,10,51
53,Product_0052,A,15,53
54,Product_0053,B,17.5,54
55,Product_0054,C,20,55
56,Product_0055,D,22.5,56
57,Product_0056,A,25,57
58,Product_0057,B,27.5,58
60,Product_0059,D,32.5,60
61,Product_0060,A,35,61
62,Product_0061,B,37.5,62
63,Product_0062,C,40,63
64,Product_0063,D,42.5,64
65,Product_0064,A,45,65
66,Product_0065,B,47.5,66
67,Product_0066,C,50,67
68,Product_0067,D,52.5,68
71,Product_0070,C,60,71
72,Product_0071,D,62.5,72
73,Product_0072,A,65,73
74,Product_0073,B,67.5,74
75,Product_0074,C,70,75
76,Product_0075,D,72.5,76
77,Product_0076,A,75,77
78,Product_0077,B,77.5,78
79,Product_0078,C,80,79
80,Product_0079,D,82.5,80
81,Product_0080,A,85,81
82,Product_0081,B,87.5,82
83,Product_0082,C,90,83
84,Product_0083,D,92.5,84
85,Product_0084,A,95,85
87,Product_0086,C,100,87
89,Product_0088,A,105,89
90,Product_0089,B,107.5,90
91,Product_0090,C,110,91
92,Product_0091,D,112.5,92
94,Product_0093,B,117.5,94
95,Product_0094,C,120,95
96,Product_0095,D,122.5,96
97,Product_0096,A,125,97
98,Product_0097,B,127.5,98
99,Product_0098,C,130,99
100,Product_0099,D,132.5,100
101,Product_0100,A,10,1
102,Product_0101,B,12.5,2
104,Product_0103,D,17.5,4
105,Product_0104,A,20,5
106,Product_0105,B,22.5,6
107,Product_0106,C,25,7
108,Product_0107,D,27.5,8
109,Product_0108,A,30,9
110,Product_0109,B,32.5,10
111,Product_0110,C,35,11
112,Product_0111,D,37.5,12
113,Product_0112,A,40,13
114,Product_0113,B,42.5,14
115,Product_0114,C,45,15
118,Product_0117,B,52.5,18
119,Product_0118,C,55,19
121,Product_0120,A,60,21
122,Product_0121,B,62.5,22
123,Product_0122,C,65,23
124,Product_0123,D,67.5,24
125,Product_0124,A,70,25
126,Product_0125,B,72.5,26
127,Product_0126,C,75,27
128,Product_0127,D,77.5,28
129,Product_0128,A,80,29
130,Product_0129,B,82.5,30
131,Product_0130,C,85,31
132,Product_0131,D,87.5,32
133,Product_0132,A,90,33
134,Product_0133,B,92.5,34
135,Product_0134,C,95,35
136,Product_0135,D,97.5,36
138,Product_0137,B,102.5,38
140,Product_0139,D,107.5,40
141,Product_0140,A,110,41
142,Product_0141,B,112.5,42
143,Product_0142,C,115,43
144,Product_0143,D,117.5,44
145,Product_0144,A,120,45
147,Product_0146,C,125,47
148,Product_0147,D,127.5,48
149,Product_0148,A,130,49
150,Product_0149,B,132.5,50
151,Product_0150,C,10,51
152,Product_0151,D,12.5,52
153,Product_0152,A,15,53
155,Product_0154,C,20,55
156,Product_0155,D,22.5,56
157,Product_0156,A,25,57
158,Product_0157,B,27.5,58
159,Product_0158,C,30,59
160,Product_0159,D,32.5,60
161,Product_0160,A,35,61
163,Product_0162,C,40,63
164,Product_0163,D,42.5,64
165,Product_0164,A,45,65
166,Product_0165,B,47.5,66
167,Product_0166,C,50,67
168,Product_0167,D,52.5,68
169,Product_0168,A,55,69
170,Product_0169,B,57.5,70
172,Product_0171,D,62.5,72
173,Product_0172,A,65,73
174,Product_0173,B,67.5,74
176,Product_0175,D,72.5,76
177,Product_0176,A,75,77
178,Product_0177,B,77.5,78
179,Product_0178,C,80,79
180,Product_0179,D,82.5,80
181,Product_0180,A,85,81
182,Product_0181,B,87.5,82
183,Product_0182,C,90,83
184,Product_0183,D,92.5,84
186,Product_0185,B,97.5,86
187,Product_0186,C,100,87
189,Product_0188,A,105,89
190,Product_0189,B,107.5,90
191,Product_0190,C,110,91
192,Product_0191,D,112.5,92
193,Product_0192,A,115,93
194,Product_0193,B,117.5,94
195,Product_0194,C,120,95
196,Product_0195,D,122.5,96
197,Product_0196,A,125,97
198,Product_0197,B,127.5,98
199,Product_0198,C,130,99
200,Product_0199,D,132.5,100
201,Product_0200,A,10,1
202,Product_0201,B,12.5,2
203,Product_0202,C,15,3
206,Product_0205,B,22.5,6
207,Product_0206,C,25,7
209,Product_0208,A,30,9
210,Product_0209,B,32.5,10
211,Product_0210,C,35,11
212,Product_0211,D,37.5,12
213,Product_0212,A,40,13
214,Product_0213,B,42.5,14
215,Product_0214,C,45,15
216,Product_0215,D,47.5,16
217,Product_0216,A,50,17
218,Product_0217,B,52.5,18
219,Product_0218,C,55,19
220,Product_0219,D,57.5,20
221,Product_0220,A,60,21
223,Product_0222,C,65,23
224,Product_0223,D,67.5,24
225,Product_0224,A,70,25
226,Product_0225,B,72.5,26
227,Product_0226,C,75,27
228,Product_0227,D,77.5,28
229,Product_0228,A,80,29
230,Product_0229,B,82.5,30
232,Product_0231,D,87.5,32
234,Product_0233,B,92.5,34
235,Product_0234,C,95,35
236,Product_0235,D,97.5,36
237,Product_0236,A,100,37
238,Product_0237,B,102.5,38
240,Product_0239,D,107.5,40
241,Product_0240,A,110,41
242,Product_0241,B,112.5,42
243,Product_0242,C,115,43
244,Product_0243,D,117.5,44
245,Product_0244,A,120,45
246,Product_0245,B,122.5,46
247,Product_0246,C,125,47
248,Product_0247,D,127.5,48
249,Product_0248,A,130,49
250,Product_0249,B,132.5,50
251,Product_0250,C,10,51
252,Product_0251,D,12.5,52
253,Product_0252,A,15,53
255,Product_0254,C,20,55
257,Product_0256,A,25,57
258,Product_0257,B,27.5,58
259,Product_0258,C,30,59
260,Product_0259,D,32.5,60
261,Product_0260,A,35,61
263,Product_0262,C,40,63
264,Product_0263,D,42.5,64
265,Product_0264,A,45,65
266,Product_0265,B,47.5,66
267,Product_0266,C,50,67
268,Product_0267,D,52.5,68
269,Product_0268,A,55,69
270,Product_0269,B,57.5,70
271,Product_0270,C,60,71
272,Product_0271,D,62.5,72
274,Product_0273,B,67.5,74
275,Product_0274,C,70,75
276,Product_0275,D,72.5,76
278,Product_0277,B,77.5,78
279,Product_0278,C,80,79
280,Product_0279,D,82.5,80
281,Product_0280,A,85,81
282,Product_0281,B,87.5,82
283,Product_0282,C,90,83
284,Product_0283,D,92.5,84
285,Product_0284,A,95,85
286,Product_0285,B,97.5,86
287,Product_0286,C,100,87
288,Product_0287,D,102.5,88
289,Product_0288,A,105,89
292,Product_0291,D,112.5,92
293,Product_0292,A,115,93
294,Product_0293,B,117.5,94
295,Product_0294,C,120,95
296,Product_0295,D,122.5,96
297,Product_0296,A,125,97
298,Product_0297,B,127.5,98
299,Product_0298,C,130,99
301,Product_0300,A,10,1
302,Product_0301,B,12.5,2
303,Product_0302,C,15,3
304,Product_0303,D,17.5,4
305,Product_0304,A,20,5
306,Product_0305,B,22.5,6
308,Product_0307,D,27.5,8
309,Product_0308,A,30,9
310,Product_0309,B,32.5,10
311,Product_0310,C,35,11
312,Product_0311,D,37.5,12
313,Product_0312,A,40,13
314,Product_0313,B,42.5,14
315,Product_0314,C,45,15
316,Product_0315,D,47.5,16
317,Product_0316,A,50,17
318,Product_0317,B,52.5,18
319,Product_0318,C,55,19
321,Product_0320,A,60,21
322,Product_0321,B,62.5,22
325,Product_0324,A,70,25
326,Product_0325,B,72.5,26
327,Product_0326,C,75,27
328,Product_0327,D,77.5,28
329,Product_0328,A,80,29
330,Product_0329,B,82.5,30
331,Product_0330,C,85,31
332,Product_0331,D,87.5,32
333,Product_0332,A,90,33
334,Product_0333,B,92.5,34
335,Product_0334,C,95,35
336,Product_0335,D,97.5,36
337,Product_0336,A,100,37
338,Product_0337,B,102.5,38
339,Product_0338,C,105,39
340,Product_0339,D,107.5,40
342,Product_0341,B,112.5,42
343,Product_0342,C,115,43
344,Product_0343,D,117.5,44
345,Product_0344,A,120,45
347,Product_0346,C,125,47
348,Product_0347,D,127.5,48
350,Product_0349,B,132.5,50
351,Product_0350,C,10,51
352,Product_0351,D,12.5,52
353,Product_0352,A,15,53
354,Product_0353,B,17.5,54
355,Product_0354,C,20,55
356,Product_0355,D,22.5,56
357,Product_0356,A,25,57
359,Product_0358,C,30,59
360,Product_0359,D,32.5,60
361,Product_0360,A,35,61
362,Product_0361,B,37.5,62
363,Product_0362,C,40,63
364,Product_0363,D,42.5,64
365,Product_0364,A,45,65
366,Product_0365,B,47.5,66
367,Product_0366,C,50,67
368,Product_0367,D,52.5,68
370,Product_0369,B,57.5,70
371,Product_0370,C,60,71
372,Product_0371,D,62.5,72
373,Product_0372,A,65,73
374,Product_0373,B,67.5,74
376,Product_0375,D,72.5,76
377,Product_0376,A,75,77
379,Product_0378,C,80,79
380,Product_0379,D,82.5,80
381,Product_0380,A,85,81
382,Product_0381,B,87.5,82
383,Product_0382,C,90,83
384,Product_0383,D,92.5,84
385,Product_0384,A,95,85
386,Product_0385,B,97.5,86
387,Product_0386,C,100,87
388,Product_0387,D,102.5,88
389,Product_0388,A,105,89
390,Product_0389,B,107.5,90
391,Product_0390,C,110,91
393,Product_0392,A,115,93
394,Product_0393,B,117.5,94
395,Product_0394,C,120,95
396,Product_0395,D,122.5,96
397,Product_0396,A,125,97
398,Product_0397,B,127.5,98
399,Product_0398,C,130,99
400,Product_0399,D,132.5,100
401,Product_0400,A,10,1
402,Product_0401,B,12.5,2
403,Product_0402,C,15,3
404,Product_0403,D,17.5,4
405,Product_0404,A,20,5
406,Product_0405,B,22.5,6
408,Product_0407,D,27.5,8
410,Product_0409,B,32.5,10
411,Product_0410,C,35,11
412,Product_0411,D,37.5,12
413,Product_0412,A,40,13
414,Product_0413,B,42.5,14
416,Product_0415,D,47.5,16
417,Product_0416,A,50,17
418,Product_0417,B,52.5,18
419,Product_0418,C,55,19
420,Product_0419,D,57.5,20
421,Product_0420,A,60,21
422,Product_0421,B,62.5,22
423,Product_0422,C,65,23
424,Product_0423,D,67.5,24
425,Product_0424,A,70,25
427,Product_0426,C,75,27
428,Product_0427,D,77.5,28
429,Product_0428,A,80,29
430,Product_0429,B,82.5,30
431,Product_0430,C,85,31
432,Product_0431,D,87.5,32
433,Product_0432,A,90,33
434,Product_0433,B,92.5,34
435,Product_0434,C,95,35
437,Product_0436,A,100,37
439,Product_0438,C,105,39
440,Product_0439,D,107.5,40
441,Product_0440,A,110,41
442,Product_0441,B,112.5,42
444,Product_0443,D,117.5,44
445,Product_0444,A,120,45
446,Product_0445,B,122.5,46
447,Product_0446,C,125,47
448,Product_0447,D,127.5,48
449,Product_0448,A,130,49
450,Product_0449,B,132.5,50
451,Product_0450,C,10,51
452,Product_0451,D,12.5,52
453,Product_0452,A,15,53
454,Product_0453,B,17.5,54
455,Product_0454,C,20,55
456,Product_0455,D,22.5,56
457,Product_0456,A,25,57
458,Product_0457,B,27.5,58
459,Product_0458,C,30,59
462,Product_0461,B,37.5,62
463,Product_0462,C,40,63
464,Product_0463,D,42.5,64
466,Product_0465,B,47.5,66
467,Product_0466,C,50,67
468,Product_0467,D,52.5,68
469,Product_0468,A,55,69
470,Product_0469,B,57.5,70
471,Product_0470,C,60,71
472,Product_0471,D,62.5,72
473,Product_0472,A,65,73
474,Product_0473,B,67.5,74
475,Product_0474,C,70,75
476,Product_0475,D,72.5,76
478,Product_0477,B,77.5,78
479,Product_0478,C,80,79
480,Product_0479,D,82.5,80
481,Product_0480,A,85,81
482,Product_0481,B,87.5,82
483,Product_0482,C,90,83
485,Product_0484,A,95,85
486,Product_0485,B,97.5,86
487,Product_0486,C,100,87
488,Product_0487,D,102.5,88
489,Product_0488,A,105,89
490,Product_0489,B,107.5,90
491,Product_0490,C,110,91
492,Product_0491,D,112.5,92
493,Product_0492,A,115,93
495,Product_0494,C,120,95
496,Product_0495,D,122.5,96
497,Product_0496,A,125,97
498,Product_0497,B,127.5,98
499,Product_0498,C,130,99
500,Product_0499,D,132.5,100
501,Product_0500,A,10,1
502,Product_0501,B,12.5,2
503,Product_0502,C,15,3
504,Product_0503,D,17.5,4
505,Product_0504,A,20,5
506,Product_0505,B,22.5,6
508,Product_0507,D,27.5,8
509,Product_0508,A,30,9
510,Product_0509,B,32.5,10
512,Product_0511,D,37.5,12
513,Product_0512,A,40,13
514,Product_0513,B,42.5,14
515,Product_0514,C,45,15
516,Product_0515,D,47.5,16
517,Product_0516,A,50,17
518,Product_0517,B,52.5,18
519,Product_0518,C,55,19
520,Product_0519,D,57.5,20
521,Product_0520,A,60,21
522,Product_0521,B,62.5,22
524,Product_0523,D,67.5,24
525,Product_0524,A,70,25
526,Product_0525,B,72.5,26
527,Product_0526,C,75,27
529,Product_0528,A,80,29
531,Product_0530,C,85,31
532,Product_0531,D,87.5,32
533,Product_0532,A,90,33
534,Product_0533,B,92.5,34
535,Product_0534,C,95,35
536,Product_0535,D,97.5,36
537,Product_0536,A,100,37
538,Product_0537,B,102.5,38
539,Product_0538,C,105,39
540,Product_0539,D,107.5,40
541,Product_0540,A,110,41
542,Product_0541,B,112.5,42
543,Product_0542,C,115,43
544,Product_0543,D,117.5,44
546,Product_0545,B,122.5,46
547,Product_0546,C,125,47
548,Product_0547,D,127.5,48
549,Product_0548,A,130,49
550,Product_0549,B,132.5,50
551,Product_0550,C,10,51
554,Product_0553,B,17.5,54
555,Product_0554,C,20,55
556,Product_0555,D,22.5,56
557,Product_0556,A,25,57
558,Product_0557,B,27.5,58
559,Product_0558,C,30,59
560,Product_0559,D,32.5,60
561,Product_0560,A,35,61
563,Product_0562,C,40,63
564,Product_0563,D,42.5,64
565,Product_0564,A,45,65
566,Product_0565,B,47.5,66
567,Product_0566,C,50,67
568,Product_0567,D,52.5,68
569,Product_0568,A,55,69
570,Product_0569,B,57.5,70
571,Product_0570,C,60,71
572,Product_0571,D,62.5,72
573,Product_0572,A,65,73
574,Product_0573,B,67.5,74
575,Product_0574,C,70,75
577,Product_0576,A,75,77
578,Product_0577,B,77.5,78
580,Product_0579,D,82.5,80
582,Product_0581,B,87.5,82
583,Product_0582,C,90,83
584,Product_0583,D,92.5,84
585,Product_0584,A,95,85
586,Product_0585,B,97.5,86
587,Product_0586,C,100,87
588,Product_0587,D,102.5,88
589,Product_0588,A,105,89
590,Product_0589,B,107.5,90
591,Product_0590,C,110,91
592,Product_0591,D,112.5,92
593,Product_0592,A,115,93
594,Product_0593,B,117.5,94
595,Product_0594,C,120,95
597,Product_0596,A,125,97
598,Product_0597,B,127.5,98
600,Product_0599,D,132.5,100
601,Product_0600,A,10,1
602,Product_0601,B,12.5,2
603,Product_0602,C,15,3
604,Product_0603,D,17.5,4
605,Product_0604,A,20,5
606,Product_0605,B,22.5,6
607,Product_0606,C,25,7
608,Product_0607,D,27.5,8
609,Product_0608,A,30,9
611,Product_0610,C,35,11
612,Product_0611,D,37.5,12
614,Product_0613,B,42.5,14
615,Product_0614,C,45,15
616,Product_0615,D,47.5,16
617,Product_0616,A,50,17
618,Product_0617,B,52.5,18
619,Product_0618,C,55,19
620,Product_0619,D,57.5,20
621,Product_0620,A,60,21
623,Product_0622,C,65,23
624,Product_0623,D,67.5,24
625,Product_0624,A,70,25
626,Product_0625,B,72.5,26
627,Product_0626,C,75,27
628,Product_0627,D,77.5,28
629,Product_0628,A,80,29
631,Product_0630,C,85,31
632,Product_0631,D,87.5,32
633,Product_0632,A,90,33
634,Product_0633,B,92.5,34
635,Product_0634,C,95,35
636,Product_0635,D,97.5,36
637,Product_0636,A,100,37
638,Product_0637,B,102.5,38
640,Product_0639,D,107.5,40
641,Product_0640,A,110,41
642,Product_0641,B,112.5,42
643,Product_0642,C,115,43
644,Product_0643,D,117.5,44
646,Product_0645,B,122.5,46
648,Product_0647,D,127.5,48
649,Product_0648,A,130,49
650,Product_0649,B,132.5,50
651,Product_0650,C,10,51
652,Product_0651,D,12.5,52
653,Product_0652,A,15,53
654,Product_0653,B,17.5,54
655,Product_0654,C,20,55
656,Product_0655,D,22.5,56
657,Product_0656,A,25,57
658,Product_0657,B,27.5,58
659,Product_0658,C,30,59
660,Product_0659,D,32.5,60
661,Product_0660,A,35,61
662,Product_0661,B,37.5,62
663,Product_0662,C,40,63
665,Product_0664,A,45,65
666,Product_0665,B,47.5,66
667,Product_0666,C,50,67
669,Product_0668,A,55,69
670,Product_0669,B,57.5,70
671,Product_0670,C,60,71
672,Product_0671,D,62.5,72
673,Product_0672,A,65,73
674,Product_0673,B,67.5,74
675,Product_0674,C,70,75
676,Product_0675,D,72.5,76
677,Product_0676,A,75,77
678,Product_0677,B,77.5,78
679,Product_0678,C,80,79
680,Product_0679,D,82.5,80
682,Product_0681,B,87.5,82
683,Product_0682,C,90,83
684,Product_0683,D,92.5,84
685,Product_0684,A,95,85
686,Product_0685,B,97.5,86
687,Product_0686,C,100,87
688,Product_0687,D,102.5,88
689,Product_0688,A,105,89
690,Product_0689,B,107.5,90
692,Product_0691,D,112.5,92
693,Product_0692,A,115,93
694,Product_0693,B,117.5,94
695,Product_0694,C,120,95
696,Product_0695,D,122.5,96
699,Product_0698,C,130,99
700,Product_0699,D,132.5,100
701,Product_0700,A,10,1
702,Product_0701,B,12.5,2
703,Product_0702,C,15,3
704,Product_0703,D,17.5,4
705,Product_0704,A,20,5
706,Product_0705,B,22.5,6
707,Product_0706,C,25,7
708,Product_0707,D,27.5,8
709,Product_0708,A,30,9
710,Product_0709,B,32.5,10
711,Product_0710,C,35,11
712,Product_0711,D,37.5,12
713,Product_0712,A,40,13
716,Product_0715,D,47.5,16
717,Product_0716,A,50,17
718,Product_0717,B,52.5,18
719,Product_0718,C,55,19
720,Product_0719,D,57.5,20
721,Product_0720,A,60,21
722,Product_0721,B,62.5,22
723,Product_0722,C,65,23
724,Product_0723,D,67.5,24
725,Product_0724,A,70,25
727,Product_0726,C,75,27
728,Product_0727,D,77.5,28
729,Product_0728,A,80,29
730,Product_0729,B,82.5,30
731,Product_0730,C,85,31
733,Product_0732,A,90,33
734,Product_0733,B,92.5,34
735,Product_0734,C,95,35
736,Product_0735,D,97.5,36
738,Product_0737,B,102.5,38
739,Product_0738,C,105,39
740,Product_0739,D,107.5,40
741,Product_0740,A,110,41
742,Product_0741,B,112.5,42
743,Product_0742,C,115,43
744,Product_0743,D,117.5,44
745,Product_0744,A,120,45
746,Product_0745,B,122.5,46
747,Product_0746,C,125,47
748,Product_0747,D,127.5,48
750,Product_0749,B,132.5,50
751,Product_0750,C,10,51
752,Product_0751,D,12.5,52
753,Product_0752,A,15,53
754,Product_0753,B,17.5,54
756,Product_0755,D,22.5,56
757,Product_0756,A,25,57
758,Product_0757,B,27.5,58
759,Product_0758,C,30,59
761,Product_0760,A,35,61
762,Product_0761,B,37.5,62
763,Product_0762,C,40,63
764,Product_0763,D,42.5,64
765,Product_0764,A,45,65
767,Product_0766,C,50,67
768,Product_0767,D,52.5,68
769,Product_0768,A,55,69
770,Product_0769,B,57.5,70
771,Product_0770,C,60,71
772,Product_0771,D,62.5,72
773,Product_0772,A,65,73
774,Product_0773,B,67.5,74
775,Product_0774,C,70,75
776,Product_0775,D,72.5,76
777,Product_0776,A,75,77
778,Product_0777,B,77.5,78
779,Product_0778,C,80,79
780,Product_0779,D,82.5,80
781,Product_0780,A,85,81
782,Product_0781,B,87.5,82
785,Product_0784,A,95,85
786,Product_0785,B,97.5,86
787,Product_0786,C,100,87
788,Product_0787,D,102.5,88
789,Product_0788,A,105,89
790,Product_0789,B,107.5,90
791,Product_0790,C,110,91
792,Product_0791,D,112.5,92
793,Product_0792,A,115,93
794,Product_0793,B,117.5,94
795,Product_0794,C,120,95
796,Product_0795,D,122.5,96
797,Product_0796,A,125,97
798,Product_0797,B,127.5,98
799,Product_0798,C,130,99
801,Product_0800,A,10,1
802,Product_0801,B,12.5,2
803,Product_0802,C,15,3
804,Product_0803,D,17.5,4
805,Product_0804,A,20,5
807,Product_0806,C,25,7
808,Product_0807,D,27.5,8
809,Product_0808,A,30,9
810,Product_0809,B,32.5,10
811,Product_0810,C,35,11
812,Product_0811,D,37.5,12
814,Product_0813,B,42.5,14
815,Product_0814,C,45,15
816,Product_0815,D,47.5,16
818,Product_0817,B,52.5,18
819,Product_0818,C,55,19
820,Product_0819,D,57.5,20
821,Product_0820,A,60,21
822,Product_0821,B,62.5,22
823,Product_0822,C,65,23
824,Product_0823,D,67.5,24
825,Product_0824,A,70,25
826,Product_0825,B,72.5,26
827,Product_0826,C,75,27
828,Product_0827,D,77.5,28
830,Product_0829,B,82.5,30
831,Product_0830,C,85,31
832,Product_0831,D,87.5,32
833,Product_0832,A,90,33
835,Product_0834,C,95,35
836,Product_0835,D,97.5,36
837,Product_0836,A,100,37
838,Product_0837,B,102.5,38
839,Product_0838,C,105,39
840,Product_0839,D,107.5,40
841,Product_0840,A,110,41
843,Product_0842,C,115,43
844,Product_0843,D,117.5,44
845,Product_0844,A,120,45
846,Product_0845,B,122.5,46
847,Product_0846,C,125,47
848,Product_0847,D,127.5,48
849,Product_0848,A,130,49
850,Product_0849,B,132.5,50
853,Product_0852,A,15,53
854,Product_0853,B,17.5,54
855,Product_0854,C,20,55
856,Product_0855,D,22.5,56
857,Product_0856,A,25,57
858,Product_0857,B,27.5,58
859,Product_0858,C,30,59
860,Product_0859,D,32.5,60
861,Product_0860,A,35,61
862,Product_0861,B,37.5,62
863,Product_0862,C,40,63
864,Product_0863,D,42.5,64
865,Product_0864,A,45,65
866,Product_0865,B,47.5,66
867,Product_0866,C,50,67
869,Product_0868,A,55,69
870,Product_0869,B,57.5,70
872,Product_0871,D,62.5,72
873,Product_0872,A,65,73
874,Product_0873,B,67.5,74
876,Product_0875,D,72.5,76
877,Product_0876,A,75,77
878,Product_0877,B,77.5,78
879,Product_0878,C,80,79
880,Product_0879,D,82.5,80
881,Product_0880,A,85,81
882,Product_0881,B,87.5,82
883,Product_0882,C,90,83
884,Product_0883,D,92.5,84
886,Product_0885,B,97.5,86
887,Product_0886,C,100,87
888,Product_0887,D,102.5,88
889,Product_0888,A,105,89
890,Product_0889,B,107.5,90
891,Product_0890,C,110,91
892,Product_0891,D,112.5,92
893,Product_0892,A,115,93
894,Product_0893,B,117.5,94
895,Product_0894,C,120,95
896,Product_0895,D,122.5,96
897,Product_0896,A,125,97
899,Product_0898,C,130,99
901,Product_0900,A,10,1
903,Product_0902,C,15,3
904,Product_0903,D,17.5,4
905,Product_0904,A,20,5
906,Product_0905,B,22.5,6
907,Product_0906,C,25,7
908,Product_0907,D,27.5,8
909,Product_0908,A,30,9
910,Product_0909,B,32.5,10
911,Product_0910,C,35,11
912,Product_0911,D,37.5,12
913,Product_0912,A,40,13
914,Product_0913,B,42.5,14
915,Product_0914,C,45,15
916,Product_0915,D,47.5,16
917,Product_0916,A,50,17
918,Product_0917,B,52.5,18
920,Product_0919,D,57.5,20
922,Product_0921,B,62.5,22
923,Product_0922,C,65,23
924,Product_0923,D,67.5,24
925,Product_0924,A,70,25
926,Product_0925,B,72.5,26
927,Product_0926,C,75,27
928,Product_0927,D,77.5,28
930,Product_0929,B,82.5,30
931,Product_0930,C,85,31
932,Product_0931,D,87.5,32
933,Product_0932,A,90,33
934,Product_0933,B,92.5,34
935,Product_0934,C,95,35
937,Product_0936,A,100,37
938,Product_0937,B,102.5,38
939,Product_0938,C,105,39
940,Product_0939,D,107.5,40
941,Product_0940,A,110,41
942,Product_0941,B,112.5,42
943,Product_0942,C,115,43
945,Product_0944,A,120,45
946,Product_0945,B,122.5,46
947,Product_0946,C,125,47
948,Product_0947,D,127.5,48
949,Product_0948,A,130,49
950,Product_0949,B,132.5,50
951,Product_0950,C,10,51
952,Product_0951,D,12.5,52
954,Product_0953,B,17.5,54
955,Product_0954,C,20,55
956,Product_0955,D,22.5,56
957,Product_0956,A,25,57
959,Product_0958,C,30,59
960,Product_0959,D,32.5,60
961,Product_0960,A,35,61
962,Product_0961,B,37.5,62
963,Product_0962,C,40,63
964,Product_0963,D,42.5,64
965,Product_0964,A,45,65
966,Product_0965,B,47.5,66
968,Product_0967,D,52.5,68
969,Product_0968,A,55,69
971,Product_0970,C,60,71
972,Product_0971,D,62.5,72
973,Product_0972,A,65,73
974,Product_0973,B,67.5,74
975,Product_0974,C,70,75
976,Product_0975,D,72.5,76
977,Product_0976,A,75,77
978,Product_0977,B,77.5,78
979,Product_0978,C,80,79
980,Product_0979,D,82.5,80
981,Product_0980,A,85,81
982,Product_0981,B,87.5,82
983,Product_0982,C,90,83
984,Product_0983,D,92.5,84
985,Product_0984,A,95,85
986,Product_0985,B,97.5,86
988,Product_0987,D,102.5,88
989,Product_0988,A,105,89
991,Product_0990,C,110,91
992,Product_0991,D,112.5,92
993,Product_0992,A,115,93
994,Product_0993,B,117.5,94
995,Product_0994,C,120,95
996,Product_0995,D,122.5,96
997,Product_0996,A,125,97
998,Product_0997,B,127.5,98
999,Product_0998,C,130,99
1000,Product_0999,D,132.5,100
1001,Product_1000,A,10,1
1002,Product_1001,B,12.5,2
1003,Product_1002,C,15,3
1005,Product_1004,A,20,5
1006,Product_1005,B,22.5,6
1007,Product_1006,C,25,7
1008,Product_1007,D,27.5,8
1009,Product_1008,A,30,9
1010,Product_1009,B,32.5,10
1011,Product_1010,C,35,11
1012,Product_1011,D,37.5,12
1014,Product_1013,B,42.5,14
1015,Product_1014,C,45,15
1017,Product_1016,A,50,17
1018,Product_1017,B,52.5,18
1019,Product_1018,C,55,19
1020,Product_1019,D,57.5,20
1022,Product_1021,B,62.5,22
1023,Product_1022,C,65,23
1024,Product_1023,D,67.5,24
1025,Product_1024,A,70,25
1026,Product_1025,B,72.5,26
1027,Product_1026,C,75,27
1028,Product_1027,D,77.5,28
1029,Product_1028,A,80,29
1030,Product_1029,B,82.5,30
1031,Product_1030,C,85,31
1032,Product_1031,D,87.5,32
1033,Product_1032,A,90,33
1034,Product_1033,B,92.5,34
1035,Product_1034,C,95,35
1037,Product_1036,A,100,37
1039,Product_1038,C,105,39
1040,Product_1039,D,107.5,40
1041,Product_1040,A,110,41
1042,Product_1041,B,112.5,42
1043,Product_1042,C,115,43
1044,Product_1043,D,117.5,44
1046,Product_1045,B,122.5,46
1047,Product_1046,C,125,47
1048,Product_1047,D,127.5,48
1049,Product_1048,A,130,49
1050,Product_1049,B,132.5,50
1051,Product_1050,C,10,51
1052,Product_1051,D,12.5,52
1053,Product_1052,A,15,53
1054,Product_1053,B,17.5,54
1056,Product_1055,D,22.5,56
1057,Product_1056,A,25,57
1058,Product_1057,B,27.5,58
1060,Product_1059,D,32.5,60
1061,Product_1060,A,35,61
1062,Product_1061,B,37.5,62
1063,Product_1062,C,40,63
1064,Product_1063,D,42.5,64
1065,Product_1064,A,45,65
1066,Product_1065,B,47.5,66
1067,Product_1066,C,50,67
1068,Product_1067,D,52.5,68
1069,Product_1068,A,55,69
1070,Product_1069,B,57.5,70
1071,Product_1070,C,60,71
1073,Product_1072,A,65,73
1075,Product_1074,C,70,75
1076,Product_1075,D,72.5,76
1077,Product_1076,A,75,77
1078,Product_1077,B,77.5,78
1079,Product_1078,C,80,79
1080,Product_1079,D,82.5,80
1081,Product_1080,A,85,81
1083,Product_1082,C,90,83
1084,Product_1083,D,92.5,84
1085,Product_1084,A,95,85
1086,Product_1085,B,97.5,86
1087,Product_1086,C,100,87
1088,Product_1087,D,102.5,88
1090,Product_1089,B,107.5,90
1091,Product_1090,C,110,91
1092,Product_1091,D,112.5,92
1093,Product_1092,A,115,93
1094,Product_1093,B,117.5,94
1095,Product_1094,C,120,95
1096,Product_1095,D,122.5,96
1097,Product_1096,A,125,97
1098,Product_1097,B,127.5,98
1099,Product_1098,C,130,99
1100,Product_1099,D,132.5,100
1101,Product_1100,A,10,1
1102,Product_1101,B,12.5,2
1104,Product_1103,D,17.5,4
1107,Product_1106,C,25,7
1108,Product_1107,D,27.5,8
1109,Product_1108,A,30,9
1110,Product_1109,B,32.5,10
1111,Product_1110,C,35,11
1112,Product_1111,D,37.5,12
1113,Product_1112,A,40,13
1114,Product_1113,B,42.5,14
1115,Product_1114,C,45,15
1116,Product_1115,D,47.5,16
1117,Product_1116,A,50,17
1118,Product_1117,B,52.5,18
1119,Product_1118,C,55,19
1120,Product_1119,D,57.5,20
1121,Product_1120,A,60,21
1122,Product_1121,B,62.5,22
1124,Product_1123,D,67.5,24
1125,Product_1124,A,70,25
1126,Product_1125,B,72.5,26
1127,Product_1126,C,75,27
1129,Product_1128,A,80,29
1130,Product_1129,B,82.5,30
1131,Product_1130,C,85,31
1133,Product_1132,A,90,33
1134,Product_1133,B,92.5,34
1135,Product_1134,C,95,35
1136,Product_1135,D,97.5,36
1137,Product_1136,A,100,37
1138,Product_1137,B,102.5,38
1139,Product_1138,C,105,39
1141,Product_1140,A,110,41
1142,Product_1141,B,112.5,42
1143,Product_1142,C,115,43
1144,Product_1143,D,117.5,44
1145,Product_1144,A,120,45
1146,Product_1145,B,122.5,46
1147,Product_1146,C,125,47
1148,Product_1147,D,127.5,48
1149,Product_1148,A,130,49
1150,Product_1149,B,132.5,50
1152,Product_1151,D,12.5,52
1153,Product_1152,A,15,53
1154,Product_1153,B,17.5,54
1155,Product_1154,C,20,55
1156,Product_1155,D,22.5,56
1158,Product_1157,B,27.5,58
1159,Product_1158,C,30,59
1160,Product_1159,D,32.5,60
1162,Product_1161,B,37.5,62
1163,Product_1162,C,40,63
1164,Product_1163,D,42.5,64
1165,Product_1164,A,45,65
1166,Product_1165,B,47.5,66
1167,Product_1166,C,50,67
1168,Product_1167,D,52.5,68
1169,Product_1168,A,55,69
1170,Product_1169,B,57.5,70
1171,Product_1170,C,60,71
1172,Product_1171,D,62.5,72
1173,Product_1172,A,65,73
1175,Product_1174,C,70,75
1176,Product_1175,D,72.5,76
1177,Product_1176,A,75,77
1178,Product_1177,B,77.5,78
1179,Product_1178,C,80,79
1180,Product_1179,D,82.5,80
1181,Product_1180,A,85,81
1182,Product_1181,B,87.5,82
1183,Product_1182,C,90,83
1184,Product_1183,D,92.5,84
1185,Product_1184,A,95,85
1186,Product_1185,B,97.5,86
1187,Product_1186,C,100,87
1188,Product_1187,D,102.5,88
1189,Product_1188,A,105,89
1192,Product_1191,D,112.5,92
1193,Product_1192,A,115,93
1194,Product_1193,B,117.5,94
1195,Product_1194,C,120,95
1196,Product_1195,D,122.5,96
1198,Product_1197,B,127.5,98
1199,Product_1198,C,130,99
1200,Product_1199,D,132.5,100
1201,Product_1200,A,10,1
1202,Product_1201,B,12.5,2
1203,Product_1202,C,15,3
1204,Product_1203,D,17.5,4
1205,Product_1204,A,20,5
1206,Product_1205,B,22.5,6
1207,Product_1206,C,25,7
1209,Product_1208,A,30,9
1210,Product_1209,B,32.5,10
1211,Product_1210,C,35,11
1212,Product_1211,D,37.5,12
1213,Product_1212,A,40,13
1214,Product_1213,B,42.5,14
1215,Product_1214,C,45,15
1216,Product_1215,D,47.5,16
1217,Product_1216,A,50,17
1218,Product_1217,B,52.5,18
1221,Product_1220,A,60,21
1222,Product_1221,B,62.5,22
1223,Product_1222,C,65,23
1224,Product_1223,D,67.5,24
1226,Product_1225,B,72.5,26
1227,Product_1226,C,75,27
1228,Product_1227,D,77.5,28
1229,Product_1228,A,80,29
1230,Product_1229,B,82.5,30
1231,Product_1230,C,85,31
1232,Product_1231,D,87.5,32
1233,Product_1232,A,90,33
1234,Product_1233,B,92.5,34
1235,Product_1234,C,95,35
1236,Product_1235,D,97.5,36
1237,Product_1236,A,100,37
1238,Product_1237,B,102.5,38
1239,Product_1238,C,105,39
1240,Product_1239,D,107.5,40
1241,Product_1240,A,110,41
1244,Product_1243,D,117.5,44
1245,Product_1244,A,120,45
1246,Product_1245,B,122.5,46
1247,Product_1246,C,125,47
1249,Product_1248,A,130,49
1250,Product_1249,B,132.5,50
1251,Product_1250,C,10,51
1252,Product_1251,D,12.5,52
1253,Product_1252,A,15,53
1254,Product_1253,B,17.5,54
1255,Product_1254,C,20,55
1256,Product_1255,D,22.5,56
1257,Product_1256,A,25,57
1258,Product_1257,B,27.5,58
1260,Product_1259,D,32.5,60
1261,Product_1260,A,35,61
1262,Product_1261,B,37.5,62
1263,Product_1262,C,40,63
1264,Product_1263,D,42.5,64
1265,Product_1264,A,45,65
1267,Product_1266,C,50,67
1268,Product_1267,D,52.5,68
1269,Product_1268,A,55,69
1270,Product_1269,B,57.5,70
1271,Product_1270,C,60,71
1272,Product_1271,D,62.5,72
1273,Product_1272,A,65,73
1274,Product_1273,B,67.5,74
1275,Product_1274,C,70,75
1278,Product_1277,B,77.5,78
1279,Product_1278,C,80,79
1280,Product_1279,D,82.5,80
1281,Product_1280,A,85,81
1282,Product_1281,B,87.5,82
1283,Product_1282,C,90,83
1284,Product_1283,D,92.5,84
1285,Product_1284,A,95,85
1286,Product_1285,B,97.5,86
1287,Product_1286,C,100,87
1288,Product_1287,D,102.5,88
1290,Product_1289,B,107.5,90
1291,Product_1290,C,110,91
1292,Product_1291,D,112.5,92
1294,Product_1293,B,117.5,94
1295,Product_1294,C,120,95
1296,Product_1295,D,122.5,96
1297,Product_1296,A,125,97
1298,Product_1297,B,127.5,98
1299,Product_1298,C,130,99
1300,Product_1299,D,132.5,100
1301,Product_1300,A,10,1
1302,Product_1301,B,12.5,2
1303,Product_1302,C,15,3
1304,Product_1303,D,17.5,4
1305,Product_1304,A,20,5
1307,Product_1306,C,25,7
1308,Product_1307,D,27.5,8
1309,Product_1308,A,30,9
1311,Product_1310,C,35,11
1313,Product_1312,A,40,13
1314,Product_1313,B,42.5,14
1315,Product_1314,C,45,15
1316,Product_1315,D,47.5,16
1317,Product_1316,A,50,17
1318,Product_1317,B,52.5,18
1319,Product_1318,C,55,19
1320,Product_1319,D,57.5,20
1321,Product_1320,A,60,21
1322,Product_1321,B,62.5,22
1323,Product_1322,C,65,23
1324,Product_1323,D,67.5,24
1325,Product_1324,A,70,25
1326,Product_1325,B,72.5,26
1328,Product_1327,D,77.5,28
1329,Product_1328,A,80,29
1330,Product_1329,B,82.5,30
1331,Product_1330,C,85,31
1332,Product_1331,D,87.5,32
1333,Product_1332,A,90,33
1334,Product_1333,B,92.5,34
1336,Product_1335,D,97.5,36
1337,Product_1336,A,100,37
1338,Product_1337,B,102.5,38
1339,Product_1338,C,105,39
1340,Product_1339,D,107.5,40
1341,Product_1340,A,110,41
1342,Product_1341,B,112.5,42
1343,Product_1342,C,115,43
1345,Product_1344,A,120,45
1346,Product_1345,B,122.5,46
1347,Product_1346,C,125,47
1348,Product_1347,D,127.5,48
1349,Product_1348,A,130,49
1350,Product_1349,B,132.5,50
1351,Product_1350,C,10,51
1352,Product_1351,D,12.5,52
1353,Product_1352,A,15,53
1354,Product_1353,B,17.5,54
1355,Product_1354,C,20,55
1356,Product_1355,D,22.5,56
1357,Product_1356,A,25,57
1359,Product_1358,C,30,59
1360,Product_1359,D,32.5,60
1362,Product_1361,B,37.5,62
1363,Product_1362,C,40,63
1365,Product_1364,A,45,65
1366,Product_1365,B,47.5,66
1367,Product_1366,C,50,67
1368,Product_1367,D,52.5,68
1369,Product_1368,A,55,69
1370,Product_1369,B,57.5,70
1371,Product_1370,C,60,71
1372,Product_1371,D,62.5,72
1373,Product_1372,A,65,73
1374,Product_1373,B,67.5,74
1375,Product_1374,C,70,75
1376,Product_1375,D,72.5,76
1377,Product_1376,A,75,77
1379,Product_1378,C,80,79
1380,Product_1379,D,82.5,80
1382,Product_1381,B,87.5,82
1383,Product_1382,C,90,83
1384,Product_1383,D,92.5,84
1385,Product_1384,A,95,85
1386,Product_1385,B,97.5,86
1387,Product_1386,C,100,87
1388,Product_1387,D,102.5,88
1389,Product_1388,A,105,89
1390,Product_1389,B,107.5,90
1391,Product_1390,C,110,91
1392,Product_1391,D,112.5,92
1394,Product_1393,B,117.5,94
1396,Product_1395,D,122.5,96
1397,Product_1396,A,125,97
1398,Product_1397,B,127.5,98
1399,Product_1398,C,130,99
1400,Product_1399,D,132.5,100
1401,Product_1400,A,10,1
1402,Product_1401,B,12.5,2
1403,Product_1402,C,15,3
1405,Product_1404,A,20,5
1406,Product_1405,B,22.5,6
1407,Product_1406,C,25,7
1408,Product_1407,D,27.5,8
1409,Product_1408,A,30,9
1410,Product_1409,B,32.5,10
1411,Product_1410,C,35,11
1413,Product_1412,A,40,13
1414,Product_1413,B,42.5,14
1415,Product_1414,C,45,15
1416,Product_1415,D,47.5,16
1417,Product_1416,A,50,17
1418,Product_1417,B,52.5,18
1419,Product_1418,C,55,19
1420,Product_1419,D,57.5,20
1421,Product_1420,A,60,21
1423,Product_1422,C,65,23
1424,Product_1423,D,67.5,24
1425,Product_1424,A,70,25
1426,Product_1425,B,72.5,26
1428,Product_1427,D,77.5,28
1430,Product_1429,B,82.5,30
1431,Product_1430,C,85,31
1432,Product_1431,D,87.5,32
1433,Product_1432,A,90,33
1434,Product_1433,B,92.5,34
1435,Product_1434,C,95,35
1436,Product_1435,D,97.5,36
1437,Product_1436,A,100,37
1438,Product_1437,B,102.5,38
1439,Product_1438,C,105,39
1440,Product_1439,D,107.5,40
1441,Product_1440,A,110,41
1442,Product_1441,B,112.5,42
1443,Product_1442,C,115,43
1444,Product_1443,D,117.5,44
1445,Product_1444,A,120,45
1447,Product_1446,C,125,47
1448,Product_1447,D,127.5,48
1449,Product_1448,A,130,49
1452,Product_1451,D,12.5,52
1453,Product_1452,A,15,53
1454,Product_1453,B,17.5,54
1455,Product_1454,C,20,55
1456,Product_1455,D,22.5,56
1457,Product_1456,A,25,57
1458,Product_1457,B,27.5,58
1459,Product_1458,C,30,59
1460,Product_1459,D,32.5,60
1461,Product_1460,A,35,61
1462,Product_1461,B,37.5,62
1464,Product_1463,D,42.5,64
1465,Product_1464,A,45,65
1466,Product_1465,B,47.5,66
1467,Product_1466,C,50,67
1468,Product_1467,D,52.5,68
1469,Product_1468,A,55,69
1470,Product_1469,B,57.5,70
1471,Product_1470,C,60,71
1472,Product_1471,D,62.5,72
1474,Product_1473,B,67.5,74
1475,Product_1474,C,70,75
1476,Product_1475,D,72.5,76
1477,Product_1476,A,75,77
1478,Product_1477,B,77.5,78
1479,Product_1478,C,80,79
1481,Product_1480,A,85,81
1482,Product_1481,B,87.5,82
1483,Product_1482,C,90,83
1484,Product_1483,D,92.5,84
1485,Product_1484,A,95,85
1486,Product_1485,B,97.5,86
1487,Product_1486,C,100,87
1488,Product_1487,D,102.5,88
1489,Product_1488,A,105,89
1490,Product_1489,B,107.5,90
1491,Product_1490,C,110,91
1492,Product_1491,D,112.5,92
1493,Product_1492,A,115,93
1494,Product_1493,B,117.5,94
1495,Product_1494,C,120,95
1498,Product_1497,B,127.5,98
1499,Product_1498,C,130,99
1500,Product_1499,D,132.5,100
1501,Product_1500,A,10,1
1502,Product_1501,B,12.5,2
1503,Product_1502,C,15,3
1504,Product_1503,D,17.5,4
1505,Product_1504,A,20,5
1506,Product_1505,B,22.5,6
1507,Product_1506,C,25,7
1508,Product_1507,D,27.5,8
1510,Product_1509,B,32.5,10
1511,Product_1510,C,35,11
1512,Product_1511,D,37.5,12
1513,Product_1512,A,40,13
1515,Product_1514,C,45,15
1516,Product_1515,D,47.5,16
1517,Product_1516,A,50,17
1518,Product_1517,B,52.5,18
1520,Product_1519,D,57.5,20
1521,Product_1520,A,60,21
1522,Product_1521,B,62.5,22
1523,Product_1522,C,65,23
1524,Product_1523,D,67.5,24
1525,Product_1524,A,70,25
1526,Product_1525,B,72.5,26
1527,Product_1526,C,75,27
1528,Product_1527,D,77.5,28
1529,Product_1528,A,80,29
1530,Product_1529,B,82.5,30
1532,Product_1531,D,87.5,32
1533,Product_1532,A,90,33
1534,Product_1533,B,92.5,34
1535,Product_1534,C,95,35
1536,Product_1535,D,97.5,36
1537,Product_1536,A,100,37
1539,Product_1538,C,105,39
1540,Product_1539,D,107.5,40
1541,Product_1540,A,110,41
1543,Product_1542,C,115,43
1544,Product_1543,D,117.5,44
1545,Product_1544,A,120,45
1546,Product_1545,B,122.5,46
1547,Product_1546,C,125,47
1549,Product_1548,A,130,49
1550,Product_1549,B,132.5,50
1551,Product_1550,C,10,51
1552,Product_1551,D,12.5,52
1553,Product_1552,A,15,53
1554,Product_1553,B,17.5,54
1555,Product_1554,C,20,55
1556,Product_1555,D,22.5,56
1557,Product_1556,A,25,57
1558,Product_1557,B,27.5,58
1559,Product_1558,C,30,59
1560,Product_1559,D,32.5,60
1561,Product_1560,A,35,61
1562,Product_1561,B,37.5,62
1563,Product_1562,C,40,63
1564,Product_1563,D,42.5,64
1566,Product_1565,B,47.5,66
1568,Product_1567,D,52.5,68
1569,Product_1568,A,55,69
1570,Product_1569,B,57.5,70
1571,Product_1570,C,60,71
1572,Product_1571,D,62.5,72
1573,Product_1572,A,65,73
1574,Product_1573,B,67.5,74
1575,Product_1574,C,70,75
1576,Product_1575,D,72.5,76
1577,Product_1576,A,75,77
1578,Product_1577,B,77.5,78
1579,Product_1578,C,80,79
1580,Product_1579,D,82.5,80
1581,Product_1580,A,85,81
1583,Product_1582,C,90,83
1584,Product_1583,D,92.5,84
1585,Product_1584,A,95,85
1586,Product_1585,B,97.5,86
1587,Product_1586,C,100,87
1589,Product_1588,A,105,89
1590,Product_1589,B,107.5,90
1591,Product_1590,C,110,91
1592,Product_1591,D,112.5,92
1593,Product_1592,A,115,93
1594,Product_1593,B,117.5,94
1595,Product_1594,C,120,95
1597,Product_1596,A,125,97
1598,Product_1597,B,127.5,98
1600,Product_1599,D,132.5,100
1601,Product_1600,A,10,1
1602,Product_1601,B,12.5,2
1603,Product_1602,C,15,3
1604,Product_1603,D,17.5,4
1605,Product_1604,A,20,5
1606,Product_1605,B,22.5,6
1607,Product_1606,C,25,7
1608,Product_1607,D,27.5,8
1609,Product_1608,A,30,9
1610,Product_1609,B,32.5,10
1612,Product_1611,D,37.5,12
1613,Product_1612,A,40,13
1614,Product_1613,B,42.5,14
1615,Product_1614,C,45,15
1617,Product_1616,A,50,17
1618,Product_1617,B,52.5,18
1619,Product_1618,C,55,19
1620,Product_1619,D,57.5,20
1621,Product_1620,A,60,21
1622,Product_1621,B,62.5,22
1623,Product_1622,C,65,23
1624,Product_1623,D,67.5,24
1626,Product_1625,B,72.5,26
1627,Product_1626,C,75,27
1628,Product_1627,D,77.5,28
1629,Product_1628,A,80,29
1630,Product_1629,B,82.5,30
1631,Product_1630,C,85,31
1632,Product_1631,D,87.5,32
1635,Product_1634,C,95,35
1636,Product_1635,D,97.5,36
1637,Product_1636,A,100,37
1638,Product_1637,B,102.5,38
1639,Product_1638,C,105,39
1640,Product_1639,D,107.5,40
1641,Product_1640,A,110,41
1642,Product_1641,B,112.5,42
1643,Product_1642,C,115,43
1644,Product_1643,D,117.5,44
1645,Product_1644,A,120,45
1646,Product_1645,B,122.5,46
1647,Product_1646,C,125,47
1648,Product_1647,D,127.5,48
1649,Product_1648,A,130,49
1651,Product_1650,C,10,51
1652,Product_1651,D,12.5,52
1653,Product_1652,A,15,53
1655,Product_1654,C,20,55
1656,Product_1655,D,22.5,56
1658,Product_1657,B,27.5,58
1659,Product_1658,C,30,59
1660,Product_1659,D,32.5,60
1661,Product_1660,A,35,61
1662,Product_1661,B,37.5,62
1663,Product_1662,C,40,63
1664,Product_1663,D,42.5,64
1665,Product_1664,A,45,65
1666,Product_1665,B,47.5,66
1668,Product_1667,D,52.5,68
1669,Product_1668,A,55,69
1670,Product_1669,B,57.5,70
1671,Product_1670,C,60,71
1672,Product_1671,D,62.5,72
1673,Product_1672,A,65,73
1674,Product_1673,B,67.5,74
1675,Product_1674,C,70,75
1676,Product_1675,D,72.5,76
1677,Product_1676,A,75,77
1678,Product_1677,B,77.5,78
1679,Product_1678,C,80,79
1681,Product_1680,A,85,81
1682,Product_1681,B,87.5,82
1685,Product_1684,A,95,85
1686,Product_1685,B,97.5,86
1687,Product_1686,C,100,87
1688,Product_1687,D,102.5,88
1689,Product_1688,A,105,89
1690,Product_1689,B,107.5,90
1691,Product_1690,C,110,91
1692,Product_1691,D,112.5,92
1693,Product_1692,A,115,93
1694,Product_1693,B,117.5,94
1695,Product_1694,C,120,95
1696,Product_1695,D,122.5,96
1697,Product_1696,A,125,97
1698,Product_1697,B,127.5,98
1699,Product_1698,C,130,99
1700,Product_1699,D,132.5,100
1702,Product_1701,B,12.5,2
1704,Product_1703,D,17.5,4
1705,Product_1704,A,20,5
1706,Product_1705,B,22.5,6
1707,Product_1706,C,25,7
1708,Product_1707,D,27.5,8
1709,Product_1708,A,30,9
1710,Product_1709,B,32.5,10
1711,Product_1710,C,35,11
1713,Product_1712,A,40,13
1714,Product_1713,B,42.5,14
1715,Product_1714,C,45,15
1716,Product_1715,D,47.5,16
1717,Product_1716,A,50,17
1719,Product_1718,C,55,19
1720,Product_1719,D,57.5,20
1721,Product_1720,A,60,21
1722,Product_1721,B,62.5,22
1723,Product_1722,C,65,23
1724,Product_1723,D,67.5,24
1725,Product_1724,A,70,25
1727,Product_1726,C,75,27
1728,Product_1727,D,77.5,28
1729,Product_1728,A,80,29
1730,Product_1729,B,82.5,30
1731,Product_1730,C,85,31
1732,Product_1731,D,87.5,32
1733,Product_1732,A,90,33
1734,Product_1733,B,92.5,34
1736,Product_1735,D,97.5,36
1737,Product_1736,A,100,37
1738,Product_1737,B,102.5,38
1739,Product_1738,C,105,39
1740,Product_1739,D,107.5,40
1742,Product_1741,B,112.5,42
1743,Product_1742,C,115,43
1744,Product_1743,D,117.5,44
1745,Product_1744,A,120,45
1746,Product_1745,B,122.5,46
1747,Product_1746,C,125,47
1748,Product_1747,D,127.5,48
1750,Product_1749,B,132.5,50
1751,Product_1750,C,10,51
1753,Product_1752,A,15,53
1754,Product_1753,B,17.5,54
1755,Product_1754,C,20,55
1756,Product_1755,D,22.5,56
1757,Product_1756,A,25,57
1758,Product_1757,B,27.5,58
1759,Product_1758,C,30,59
1760,Product_1759,D,32.5,60
1761,Product_1760,A,35,61
1762,Product_1761,B,37.5,62
1763,Product_1762,C,40,63
1764,Product_1763,D,42.5,64
1765,Product_1764,A,45,65
1766,Product_1765,B,47.5,66
1767,Product_1766,C,50,67
1768,Product_1767,D,52.5,68
1771,Product_1770,C,60,71
1773,Product_1772,A,65,73
1774,Product_1773,B,67.5,74
1775,Product_1774,C,70,75
1776,Product_1775,D,72.5,76
1777,Product_1776,A,75,77
1778,Product_1777,B,77.5,78
1779,Product_1778,C,80,79
1780,Product_1779,D,82.5,80
1781,Product_1780,A,85,81
1782,Product_1781,B,87.5,82
1783,Product_1782,C,90,83
1784,Product_1783,D,92.5,84
1785,Product_1784,A,95,85
1787,Product_1786,C,100,87
1788,Product_1787,D,102.5,88
1789,Product_1788,A,105,89
1790,Product_1789,B,107.5,90
1791,Product_1790,C,110,91
1792,Product_1791,D,112.5,92
1793,Product_1792,A,115,93
1794,Product_1793,B,117.5,94
1796,Product_1795,D,122.5,96
1797,Product_1796,A,125,97
1798,Product_1797,B,127.5,98
1800,Product_1799,D,132.5,100
1801,Product_1800,A,10,1
1802,Product_1801,B,12.5,2
1804,Product_1803,D,17.5,4
1805,Product_1804,A,20,5
1806,Product_1805,B,22.5,6
1807,Product_1806,C,25,7
1808,Product_1807,D,27.5,8
1809,Product_1808,A,30,9
1810,Product_1809,B,32.5,10
1811,Product_1810,C,35,11
1812,Product_1811,D,37.5,12
1813,Product_1812,A,40,13
1814,Product_1813,B,42.5,14
1815,Product_1814,C,45,15
1816,Product_1815,D,47.5,16
1817,Product_1816,A,50,17
1819,Product_1818,C,55,19
1821,Product_1820,A,60,21
1822,Product_1821,B,62.5,22
1823,Product_1822,C,65,23
1824,Product_1823,D,67.5,24
1825,Product_1824,A,70,25
1826,Product_1825,B,72.5,26
1827,Product_1826,C,75,27
1829,Product_1828,A,80,29
1830,Product_1829,B,82.5,30
1831,Product_1830,C,85,31
1832,Product_1831,D,87.5,32
1833,Product_1832,A,90,33
1834,Product_1833,B,92.5,34
1835,Product_1834,C,95,35
1836,Product_1835,D,97.5,36
1838,Product_1837,B,102.5,38
1839,Product_1838,C,105,39
1840,Product_1839,D,107.5,40
1842,Product_1841,B,112.5,42
1843,Product_1842,C,115,43
1844,Product_1843,D,117.5,44
1845,Product_1844,A,120,45
1846,Product_1845,B,122.5,46
1847,Product_1846,C,125,47
1848,Product_1847,D,127.5,48
1849,Product_1848,A,130,49
1850,Product_1849,B,132.5,50
1851,Product_1850,C,10,51
1852,Product_1851,D,12.5,52
1853,Product_1852,A,15,53
1855,Product_1854,C,20,55
1856,Product_1855,D,22.5,56
1858,Product_1857,B,27.5,58
1859,Product_1858,C,30,59
1860,Product_1859,D,32.5,60
1861,Product_1860,A,35,61
1862,Product_1861,B,37.5,62
1863,Product_1862,C,40,63
1865,Product_1864,A,45,65
1866,Product_1865,B,47.5,66
1867,Product_1866,C,50,67
1868,Product_1867,D,52.5,68
1869,Product_1868,A,55,69
1870,Product_1869,B,57.5,70
1872,Product_1871,D,62.5,72
1873,Product_1872,A,65,73
1874,Product_1873,B,67.5,74
1875,Product_1874,C,70,75
1876,Product_1875,D,72.5,76
1877,Product_1876,A,75,77
1878,Product_1877,B,77.5,78
1879,Product_1878,C,80,79
1880,Product_1879,D,82.5,80
1881,Product_1880,A,85,81
1882,Product_1881,B,87.5,82
1883,Product_1882,C,90,83
1884,Product_1883,D,92.5,84
1885,Product_1884,A,95,85
1889,Product_1888,A,105,89
1890,Product_1889,B,107.5,90
1891,Product_1890,C,110,91
1892,Product_1891,D,112.5,92
1893,Product_1892,A,115,93
1894,Product_1893,B,117.5,94
1895,Product_1894,C,120,95
1896,Product_1895,D,122.5,96
1897,Product_1896,A,125,97
1898,Product_1897,B,127.5,98
1899,Product_1898,C,130,99
1900,Product_1899,D,132.5,100
1901,Product_1900,A,10,1
1902,Product_1901,B,12.5,2
1903,Product_1902,C,15,3
1904,Product_1903,D,17.5,4
1906,Product_1905,B,22.5,6
1907,Product_1906,C,25,7
1908,Product_1907,D,27.5,8
1909,Product_1908,A,30,9
1911,Product_1910,C,35,11
1912,Product_1911,D,37.5,12
1913,Product_1912,A,40,13
1914,Product_1913,B,42.5,14
1916,Product_1915,D,47.5,16
1917,Product_1916,A,50,17
1918,Product_1917,B,52.5,18
1919,Product_1918,C,55,19
1920,Product_1919,D,57.5,20
1921,Product_1920,A,60,21
1923,Product_1922,C,65,23
1924,Product_1923,D,67.5,24
1925,Product_1924,A,70,25
1926,Product_1925,B,72.5,26
1927,Product_1926,C,75,27
1928,Product_1927,D,77.5,28
1929,Product_1928,A,80,29
1930,Product_1929,B,82.5,30
1931,Product_1930,C,85,31
1932,Product_1931,D,87.5,32
1934,Product_1933,B,92.5,34
1935,Product_1934,C,95,35
1936,Product_1935,D,97.5,36
1937,Product_1936,A,100,37
1938,Product_1937,B,102.5,38
1940,Product_1939,D,107.5,40
1941,Product_1940,A,110,41
1942,Product_1941,B,112.5,42
1943,Product_1942,C,115,43
1945,Product_1944,A,120,45
1946,Product_1945,B,122.5,46
1947,Product_1946,C,125,47
1948,Product_1947,D,127.5,48
1949,Product_1948,A,130,49
1950,Product_1949,B,132.5,50
1951,Product_1950,C,10,51
1952,Product_1951,D,12.5,52
1953,Product_1952,A,15,53
1954,Product_1953,B,17.5,54
1955,Product_1954,C,20,55
1957,Product_1956,A,25,57
1958,Product_1957,B,27.5,58
1959,Product_1958,C,30,59
1960,Product_1959,D,32.5,60
1961,Product_1960,A,35,61
1962,Product_1961,B,37.5,62
1963,Product_1962,C,40,63
1964,Product_1963,D,42.5,64
1965,Product_1964,A,45,65
1966,Product_1965,B,47.5,66
1967,Product_1966,C,50,67
1968,Product_1967,D,52.5,68
1969,Product_1968,A,55,69
1970,Product_1969,B,57.5,70
1971,Product_1970,C,60,71
1972,Product_1971,D,62.5,72
1974,Product_1973,B,67.5,74
1975,Product_1974,C,70,75
1976,Product_1975,D,72.5,76
1977,Product_1976,A,75,77
1978,Product_1977,B,77.5,78
1980,Product_1979,D,82.5,80
1981,Product_1980,A,85,81
1982,Product_1981,B,87.5,82
1983,Product_1982,C,90,83
1984,Product_1983,D,92.5,84
1985,Product_1984,A,95,85
1986,Product_1985,B,97.5,86
1987,Product_1986,C,100,87
1988,Product_1987,D,102.5,88
1989,Product_1988,A,105,89
1991,Product_1990,C,110,91
1992,Product_1991,D,112.5,92
1993,Product_1992,A,115,93
1994,Product_1993,B,117.5,94
1995,Product_1994,C,120,95
1996,Product_1995,D,122.5,96
1997,Product_1996,A,125,97
1998,Product_1997,B,127.5,98
1999,Product_1998,C,130,99
2000,Product_1999,D,132.5,100
2001,Product_2000,A,10,1
2003,Product_2002,C,15,3
2004,Product_2003,D,17.5,4
2005,Product_2004,A,20,5
2006,Product_2005,B,22.5,6
2008,Product_2007,D,27.5,8
2009,Product_2008,A,30,9
2010,Product_2009,B,32.5,10
2011,Product_2010,C,35,11
2012,Product_2011,D,37.5,12
2013,Product_2012,A,40,13
2014,Product_2013,B,42.5,14
2015,Product_2014,C,45,15
2016,Product_2015,D,47.5,16
2017,Product_2016,A,50,17
2018,Product_2017,B,52.5,18
2019,Product_2018,C,55,19
2020,Product_2019,D,57.5,20
2021,Product_2020,A,60,21
2022,Product_2021,B,62.5,22
2023,Product_2022,C,65,23
2026,Product_2025,B,72.5,26
2027,Product_2026,C,75,27
2028,Product_2027,D,77.5,28
2029,Product_2028,A,80,29
2030,Product_2029,B,82.5,30
2032,Product_2031,D,87.5,32
2033,Product_2032,A,90,33
2034,Product_2033,B,92.5,34
2035,Product_2034,C,95,35
2036,Product_2035,D,97.5,36
2037,Product_2036,A,100,37
2038,Product_2037,B,102.5,38
2039,Product_2038,C,105,39
2040,Product_2039,D,107.5,40
2042,Product_2041,B,112.5,42
2043,Product_2042,C,115,43
2044,Product_2043,D,117.5,44
2045,Product_2044,A,120,45
2046,Product_2045,B,122.5,46
2047,Product_2046,C,125,47
2049,Product_2048,A,130,49
2050,Product_2049,B,132.5,50
2051,Product_2050,C,10,51
2052,Product_2051,D,12.5,52
2053,Product_2052,A,15,53
2054,Product_2053,B,17.5,54
2055,Product_2054,C,20,55
2056,Product_2055,D,22.5,56
2057,Product_2056,A,25,57
2059,Product_2058,C,30,59
2061,Product_2060,A,35,61
2062,Product_2061,B,37.5,62
2063,Product_2062,C,40,63
2064,Product_2063,D,42.5,64
2065,Product_2064,A,45,65
2066,Product_2065,B,47.5,66
2067,Product_2066,C,50,67
2068,Product_2067,D,52.5,68
2069,Product_2068,A,55,69
2070,Product_2069,B,57.5,70
2072,Product_2071,D,62.5,72
2073,Product_2072,A,65,73
2074,Product_2073,B,67.5,74
2076,Product_2075,D,72.5,76
2077,Product_2076,A,75,77
2078,Product_2077,B,77.5,78
2079,Product_2078,C,80,79
2080,Product_2079,D,82.5,80
2081,Product_2080,A,85,81
2082,Product_2081,B,87.5,82
2083,Product_2082,C,90,83
2084,Product_2083,D,92.5,84
2085,Product_2084,A,95,85
2086,Product_2085,B,97.5,86
2087,Product_2086,C,100,87
2088,Product_2087,D,102.5,88
2090,Product_2089,B,107.5,90
2091,Product_2090,C,110,91
2093,Product_2092,A,115,93
2095,Product_2094,C,120,95
2096,Product_2095,D,122.5,96
2097,Product_2096,A,125,97
2098,Product_2097,B,127.5,98
2099,Product_2098,C,130,99
2100,Product_2099,D,132.5,100
2101,Product_2100,A,10,1
2102,Product_2101,B,12.5,2
2103,Product_2102,C,15,3
2104,Product_2103,D,17.5,4
2105,Product_2104,A,20,5
2106,Product_2105,B,22.5,6
2107,Product_2106,C,25,7
2108,Product_2107,D,27.5,8
2110,Product_2109,B,32.5,10
2111,Product_2110,C,35,11
2112,Product_2111,D,37.5,12
2113,Product_2112,A,40,13
2114,Product_2113,B,42.5,14
2115,Product_2114,C,45,15
2116,Product_2115,D,47.5,16
2119,Product_2118,C,55,19
2120,Product_2119,D,57.5,20
2121,Product_2120,A,60,21
2122,Product_2121,B,62.5,22
2123,Product_2122,C,65,23
2124,Product_2123,D,67.5,24
2125,Product_2124,A,70,25
2127,Product_2126,C,75,27
2128,Product_2127,D,77.5,28
2129,Product_2128,A,80,29
2130,Product_2129,B,82.5,30
2131,Product_2130,C,85,31
2132,Product_2131,D,87.5,32
2133,Product_2132,A,90,33
2134,Product_2133,B,92.5,34
2135,Product_2134,C,95,35
2136,Product_2135,D,97.5,36
2137,Product_2136,A,100,37
2138,Product_2137,B,102.5,38
2139,Product_2138,C,105,39
2141,Product_2140,A,110,41
2142,Product_2141,B,112.5,42
2144,Product_2143,D,117.5,44
2145,Product_2144,A,120,45
2146,Product_2145,B,122.5,46
2148,Product_2147,D,127.5,48
2149,Product_2148,A,130,49
2150,Product_2149,B,132.5,50
2151,Product_2150,C,10,51
2152,Product_2151,D,12.5,52
2153,Product_2152,A,15,53
2154,Product_2153,B,17.5,54
2155,Product_2154,C,20,55
2156,Product_2155,D,22.5,56
2157,Product_2156,A,25,57
2158,Product_2157,B,27.5,58
2159,Product_2158,C,30,59
2161,Product_2160,A,35,61
2162,Product_2161,B,37.5,62
2164,Product_2163,D,42.5,64
2165,Product_2164,A,45,65
2166,Product_2165,B,47.5,66
2167,Product_2166,C,50,67
2168,Product_2167,D,52.5,68
2169,Product_2168,A,55,69
2170,Product_2169,B,57.5,70
2171,Product_2170,C,60,71
2172,Product_2171,D,62.5,72
2173,Product_2172,A,65,73
2174,Product_2173,B,67.5,74
2175,Product_2174,C,70,75
2178,Product_2177,B,77.5,78
2179,Product_2178,C,80,79
2180,Product_2179,D,82.5,80
2181,Product_2180,A,85,81
2182,Product_2181,B,87.5,82
2183,Product_2182,C,90,83
2184,Product_2183,D,92.5,84
2185,Product_2184,A,95,85
2187,Product_2186,C,100,87
2188,Product_2187,D,102.5,88
2189,Product_2188,A,105,89
2190,Product_2189,B,107.5,90
2191,Product_2190,C,110,91
2192,Product_2191,D,112.5,92
2193,Product_2192,A,115,93
2195,Product_2194,C,120,95
2196,Product_2195,D,122.5,96
2197,Product_2196,A,125,97
2198,Product_2197,B,127.5,98
2199,Product_2198,C,130,99
2200,Product_2199,D,132.5,100
2201,Product_2200,A,10,1
2202,Product_2201,B,12.5,2
2203,Product_2202,C,15,3
2204,Product_2203,D,17.5,4
2206,Product_2205,B,22.5,6
2207,Product_2206,C,25,7
2208,Product_2207,D,27.5,8
2210,Product_2209,B,32.5,10
2212,Product_2211,D,37.5,12
2213,Product_2212,A,40,13
2214,Product_2213,B,42.5,14
2215,Product_2214,C,45,15
2216,Product_2215,D,47.5,16
2217,Product_2216,A,50,17
2218,Product_2217,B,52.5,18
2219,Product_2218,C,55,19
2220,Product_2219,D,57.5,20
2221,Product_2220,A,60,21
2222,Product_2221,B,62.5,22
2223,Product_2222,C,65,23
2224,Product_2223,D,67.5,24
2225,Product_2224,A,70,25
2226,Product_2225,B,72.5,26
2227,Product_2226,C,75,27
2229,Product_2228,A,80,29
2230,Product_2229,B,82.5,30
2231,Product_2230,C,85,31
2233,Product_2232,A,90,33
2235,Product_2234,C,95,35
2236,Product_2235,D,97.5,36
2237,Product_2236,A,100,37
2238,Product_2237,B,102.5,38
2239,Product_2238,C,105,39
2240,Product_2239,D,107.5,40
2241,Product_2240,A,110,41
2242,Product_2241,B,112.5,42
2243,Product_2242,C,115,43
2244,Product_2243,D,117.5,44
2246,Product_2245,B,122.5,46
2247,Product_2246,C,125,47
2248,Product_2247,D,127.5,48
2249,Product_2248,A,130,49
2250,Product_2249,B,132.5,50
2251,Product_2250,C,10,51
2252,Product_2251,D,12.5,52
2253,Product_2252,A,15,53
2254,Product_2253,B,17.5,54
2256,Product_2255,D,22.5,56
2257,Product_2256,A,25,57
2258,Product_2257,B,27.5,58
2259,Product_2258,C,30,59
2260,Product_2259,D,32.5,60
2261,Product_2260,A,35,61
2264,Product_2263,D,42.5,64
2265,Product_2264,A,45,65
2266,Product_2265,B,47.5,66
2267,Product_2266,C,50,67
2268,Product_2267,D,52.5,68
2269,Product_2268,A,55,69
2270,Product_2269,B,57.5,70
2271,Product_2270,C,60,71
2272,Product_2271,D,62.5,72
2273,Product_2272,A,65,73
2274,Product_2273,B,67.5,74
2275,Product_2274,C,70,75
2276,Product_2275,D,72.5,76
2277,Product_2276,A,75,77
2280,Product_2279,D,82.5,80
2281,Product_2280,A,85,81
2282,Product_2281,B,87.5,82
2283,Product_2282,C,90,83
2284,Product_2283,D,92.5,84
2285,Product_2284,A,95,85
2286,Product_2285,B,97.5,86
2287,Product_2286,C,100,87
2288,Product_2287,D,102.5,88
2289,Product_2288,A,105,89
2290,Product_2289,B,107.5,90
2291,Product_2290,C,110,91
2293,Product_2292,A,115,93
2294,Product_2293,B,117.5,94
2295,Product_2294,C,120,95
2297,Product_2296,A,125,97
2298,Product_2297,B,127.5,98
2299,Product_2298,C,130,99
2300,Product_2299,D,132.5,100
2302,Product_2301,B,12.5,2
2303,Product_2302,C,15,3
2304,Product_2303,D,17.5,4
2305,Product_2304,A,20,5
2306,Product_2305,B,22.5,6
2307,Product_2306,C,25,7
2308,Product_2307,D,27.5,8
2309,Product_2308,A,30,9
2310,Product_2309,B,32.5,10
2311,Product_2310,C,35,11
2312,Product_2311,D,37.5,12
2314,Product_2313,B,42.5,14
2315,Product_2314,C,45,15
2316,Product_2315,D,47.5,16
2317,Product_2316,A,50,17
2318,Product_2317,B,52.5,18
2319,Product_2318,C,55,19
2320,Product_2319,D,57.5,20
2322,Product_2321,B,62.5,22
2323,Product_2322,C,65,23
2325,Product_2324,A,70,25
2326,Product_2325,B,72.5,26
2327,Product_2326,C,75,27
2328,Product_2327,D,77.5,28
2329,Product_2328,A,80,29
2331,Product_2330,C,85,31
2332,Product_2331,D,87.5,32
2333,Product_2332,A,90,33
2334,Product_2333,B,92.5,34
2335,Product_2334,C,95,35
2336,Product_2335,D,97.5,36
2337,Product_2336,A,100,37
2338,Product_2337,B,102.5,38
2339,Product_2338,C,105,39
2340,Product_2339,D,107.5,40
2341,Product_2340,A,110,41
2342,Product_2341,B,112.5,42
2343,Product_2342,C,115,43
2344,Product_2343,D,117.5,44
2345,Product_2344,A,120,45
2346,Product_2345,B,122.5,46
2348,Product_2347,D,127.5,48
2349,Product_2348,A,130,49
2351,Product_2350,C,10,51
2352,Product_2351,D,12.5,52
2353,Product_2352,A,15,53
2354,Product_2353,B,17.5,54
2355,Product_2354,C,20,55
2356,Product_2355,D,22.5,56
2357,Product_2356,A,25,57
2358,Product_2357,B,27.5,58
2359,Product_2358,C,30,59
2360,Product_2359,D,32.5,60
2361,Product_2360,A,35,61
2362,Product_2361,B,37.5,62
2363,Product_2362,C,40,63
2365,Product_2364,A,45,65
2366,Product_2365,B,47.5,66
2367,Product_2366,C,50,67
2368,Product_2367,D,52.5,68
2369,Product_2368,A,55,69
2371,Product_2370,C,60,71
2372,Product_2371,D,62.5,72
2373,Product_2372,A,65,73
2374,Product_2373,B,67.5,74
2375,Product_2374,C,70,75
2376,Product_2375,D,72.5,76
2377,Product_2376,A,75,77
2378,Product_2377,B,77.5,78
2380,Product_2379,D,82.5,80
2382,Product_2381,B,87.5,82
2383,Product_2382,C,90,83
2384,Product_2383,D,92.5,84
2385,Product_2384,A,95,85
2386,Product_2385,B,97.5,86
2387,Product_2386,C,100,87
2388,Product_2387,D,102.5,88
2389,Product_2388,A,105,89
2390,Product_2389,B,107.5,90
2391,Product_2390,C,110,91
2392,Product_2391,D,112.5,92
2394,Product_2393,B,117.5,94
2395,Product_2394,C,120,95
2396,Product_2395,D,122.5,96
2397,Product_2396,A,125,97
2399,Product_2398,C,130,99
2400,Product_2399,D,132.5,100
2401,Product_2400,A,10,1
2402,Product_2401,B,12.5,2
2403,Product_2402,C,15,3
2404,Product_2403,D,17.5,4
2405,Product_2404,A,20,5
2406,Product_2405,B,22.5,6
2407,Product_2406,C,25,7
2409,Product_2408,A,30,9
2410,Product_2409,B,32.5,10
2411,Product_2410,C,35,11
2412,Product_2411,D,37.5,12
2413,Product_2412,A,40,13
2414,Product_2413,B,42.5,14
2417,Product_2416,A,50,17
2418,Product_2417,B,52.5,18
2419,Product_2418,C,55,19
2420,Product_2419,D,57.5,20
2421,Product_2420,A,60,21
2422,Product_2421,B,62.5,22
2423,Product_2422,C,65,23
2424,Product_2423,D,67.5,24
2425,Product_2424,A,70,25
2426,Product_2425,B,72.5,26
2427,Product_2426,C,75,27
2428,Product_2427,D,77.5,28
2429,Product_2428,A,80,29
2430,Product_2429,B,82.5,30
2431,Product_2430,C,85,31
2433,Product_2432,A,90,33
2434,Product_2433,B,92.5,34
2435,Product_2434,C,95,35
2436,Product_2435,D,97.5,36
2438,Product_2437,B,102.5,38
2440,Product_2439,D,107.5,40
2441,Product_2440,A,110,41
2442,Product_2441,B,112.5,42
2443,Product_2442,C,115,43
2444,Product_2443,D,117.5,44
2445,Product_2444,A,120,45
2446,Product_2445,B,122.5,46
2447,Product_2446,C,125,47
2448,Product_2447,D,127.5,48
2450,Product_2449,B,132.5,50
2451,Product_2450,C,10,51
2452,Product_2451,D,12.5,52
2453,Product_2452,A,15,53
2454,Product_2453,B,17.5,54
2455,Product_2454,C,20,55
2456,Product_2455,D,22.5,56
2457,Product_2456,A,25,57
2458,Product_2457,B,27.5,58
2459,Product_2458,C,30,59
2460,Product_2459,D,32.5,60
2461,Product_2460,A,35,61
2463,Product_2462,C,40,63
2464,Product_2463,D,42.5,64
2465,Product_2464,A,45,65
2467,Product_2466,C,50,67
2468,Product_2467,D,52.5,68
2469,Product_2468,A,55,69
2470,Product_2469,B,57.5,70
2471,Product_2470,C,60,71
2472,Product_2471,D,62.5,72
2473,Product_2472,A,65,73
2474,Product_2473,B,67.5,74
2475,Product_2474,C,70,75
2476,Product_2475,D,72.5,76
2477,Product_2476,A,75,77
2478,Product_2477,B,77.5,78
2479,Product_2478,C,80,79
2480,Product_2479,D,82.5,80
2481,Product_2480,A,85,81
2482,Product_2481,B,87.5,82
2484,Product_2483,D,92.5,84
2486,Product_2485,B,97.5,86
2487,Product_2486,C,100,87
2488,Product_2487,D,102.5,88
2489,Product_2488,A,105,89
2490,Product_2489,B,107.5,90
2491,Product_2490,C,110,91
2492,Product_2491,D,112.5,92
2493,Product_2492,A,115,93
2494,Product_2493,B,117.5,94
2496,Product_2495,D,122.5,96
2497,Product_2496,A,125,97
2498,Product_2497,B,127.5,98
2499,Product_2498,C,130,99
2501,Product_2500,A,10,1
2502,Product_2501,B,12.5,2
2503,Product_2502,C,15,3
2504,Product_2503,D,17.5,4
2505,Product_2504,A,20,5
2506,Product_2505,B,22.5,6
2507,Product_2506,C,25,7
2509,Product_2508,A,30,9
2510,Product_2509,B,32.5,10
2511,Product_2510,C,35,11
2512,Product_2511,D,37.5,12
2513,Product_2512,A,40,13
2514,Product_2513,B,42.5,14
2515,Product_2514,C,45,15
2516,Product_2515,D,47.5,16
2518,Product_2517,B,52.5,18
2519,Product_2518,C,55,19
2520,Product_2519,D,57.5,20
2521,Product_2520,A,60,21
2522,Product_2521,B,62.5,22
2523,Product_2522,C,65,23
2525,Product_2524,A,70,25
2526,Product_2525,B,72.5,26
2527,Product_2526,C,75,27
2528,Product_2527,D,77.5,28
2529,Product_2528,A,80,29
2530,Product_2529,B,82.5,30
2532,Product_2531,D,87.5,32
2533,Product_2532,A,90,33
2535,Product_2534,C,95,35
2536,Product_2535,D,97.5,36
2537,Product_2536,A,100,37
2538,Product_2537,B,102.5,38
2539,Product_2538,C,105,39
2540,Product_2539,D,107.5,40
2541,Product_2540,A,110,41
2542,Product_2541,B,112.5,42
2543,Product_2542,C,115,43
2544,Product_2543,D,117.5,44
2545,Product_2544,A,120,45
2546,Product_2545,B,122.5,46
2547,Product_2546,C,125,47
2548,Product_2547,D,127.5,48
2549,Product_2548,A,130,49
2550,Product_2549,B,132.5,50
2552,Product_2551,D,12.5,52
2555,Product_2554,C,20,55
2556,Product_2555,D,22.5,56
2557,Product_2556,A,25,57
2558,Product_2557,B,27.5,58
2559,Product_2558,C,30,59
2560,Product_2559,D,32.5,60
2561,Product_2560,A,35,61
2562,Product_2561,B,37.5,62
2563,Product_2562,C,40,63
2564,Product_2563,D,42.5,64
2565,Product_2564,A,45,65
2566,Product_2565,B,47.5,66
2567,Product_2566,C,50,67
2569,Product_2568,A,55,69
2570,Product_2569,B,57.5,70
2571,Product_2570,C,60,71
2572,Product_2571,D,62.5,72
2573,Product_2572,A,65,73
2574,Product_2573,B,67.5,74
2575,Product_2574,C,70,75
2576,Product_2575,D,72.5,76
2578,Product_2577,B,77.5,78
2579,Product_2578,C,80,79
2580,Product_2579,D,82.5,80
2581,Product_2580,A,85,81
2583,Product_2582,C,90,83
2584,Product_2583,D,92.5,84
2586,Product_2585,B,97.5,86
2587,Product_2586,C,100,87
2588,Product_2587,D,102.5,88
2589,Product_2588,A,105,89
2590,Product_2589,B,107.5,90
2591,Product_2590,C,110,91
2592,Product_2591,D,112.5,92
2593,Product_2592,A,115,93
2594,Product_2593,B,117.5,94
2595,Product_2594,C,120,95
2596,Product_2595,D,122.5,96
2597,Product_2596,A,125,97
2598,Product_2597,B,127.5,98
2599,Product_2598,C,130,99
2601,Product_2600,A,10,1
2603,Product_2602,C,15,3
2604,Product_2603,D,17.5,4
2605,Product_2604,A,20,5
2606,Product_2605,B,22.5,6
2607,Product_2606,C,25,7
2608,Product_2607,D,27.5,8
2609,Product_2608,A,30,9
2610,Product_2609,B,32.5,10
2612,Product_2611,D,37.5,12
2613,Product_2612,A,40,13
2614,Product_2613,B,42.5,14
2615,Product_2614,C,45,15
2616,Product_2615,D,47.5,16
2617,Product_2616,A,50,17
2618,Product_2617,B,52.5,18
2620,Product_2619,D,57.5,20
2621,Product_2620,A,60,21
2622,Product_2621,B,62.5,22
2624,Product_2623,D,67.5,24
2625,Product_2624,A,70,25
2626,Product_2625,B,72.5,26
2627,Product_2626,C,75,27
2628,Product_2627,D,77.5,28
2629,Product_2628,A,80,29
2630,Product_2629,B,82.5,30
2631,Product_2630,C,85,31
2632,Product_2631,D,87.5,32
2633,Product_2632,A,90,33
2634,Product_2633,B,92.5,34
2635,Product_2634,C,95,35
2637,Product_2636,A,100,37
2638,Product_2637,B,102.5,38
2639,Product_2638,C,105,39
2641,Product_2640,A,110,41
2642,Product_2641,B,112.5,42
2643,Product_2642,C,115,43
2644,Product_2643,D,117.5,44
2645,Product_2644,A,120,45
2647,Product_2646,C,125,47
2648,Product_2647,D,127.5,48
2649,Product_2648,A,130,49
2650,Product_2649,B,132.5,50
2651,Product_2650,C,10,51
2652,Product_2651,D,12.5,52
2654,Product_2653,B,17.5,54
2655,Product_2654,C,20,55
2656,Product_2655,D,22.5,56
2657,Product_2656,A,25,57
2658,Product_2657,B,27.5,58
2659,Product_2658,C,30,59
2660,Product_2659,D,32.5,60
2661,Product_2660,A,35,61
2662,Product_2661,B,37.5,62
2663,Product_2662,C,40,63
2664,Product_2663,D,42.5,64
2665,Product_2664,A,45,65
2666,Product_2665,B,47.5,66
2667,Product_2666,C,50,67
2668,Product_2667,D,52.5,68
2671,Product_2670,C,60,71
2672,Product_2671,D,62.5,72
2673,Product_2672,A,65,73
2674,Product_2673,B,67.5,74
2675,Product_2674,C,70,75
2676,Product_2675,D,72.5,76
2677,Product_2676,A,75,77
2678,Product_2677,B,77.5,78
2679,Product_2678,C,80,79
2680,Product_2679,D,82.5,80
2681,Product_2680,A,85,81
2682,Product_2681,B,87.5,82
2683,Product_2682,C,90,83
2684,Product_2683,D,92.5,84
2685,Product_2684,A,95,85
2686,Product_2685,B,97.5,86
2688,Product_2687,D,102.5,88
2689,Product_2688,A,105,89
2690,Product_2689,B,107.5,90
2691,Product_2690,C,110,91
2693,Product_2692,A,115,93
2694,Product_2693,B,117.5,94
2695,Product_2694,C,120,95
2696,Product_2695,D,122.5,96
2697,Product_2696,A,125,97
2699,Product_2698,C,130,99
2700,Product_2699,D,132.5,100
2701,Product_2700,A,10,1
2702,Product_2701,B,12.5,2
2703,Product_2702,C,15,3
2705,Product_2704,A,20,5
2706,Product_2705,B,22.5,6
2707,Product_2706,C,25,7
2708,Product_2707,D,27.5,8
2709,Product_2708,A,30,9
2710,Product_2709,B,32.5,10
2711,Product_2710,C,35,11
2712,Product_2711,D,37.5,12
2713,Product_2712,A,40,13
2714,Product_2713,B,42.5,14
2716,Product_2715,D,47.5,16
2717,Product_2716,A,50,17
2718,Product_2717,B,52.5,18
2719,Product_2718,C,55,19
2720,Product_2719,D,57.5,20
2722,Product_2721,B,62.5,22
2723,Product_2722,C,65,23
2724,Product_2723,D,67.5,24
2725,Product_2724,A,70,25
2726,Product_2725,B,72.5,26
2728,Product_2727,D,77.5,28
2729,Product_2728,A,80,29
2730,Product_2729,B,82.5,30
2731,Product_2730,C,85,31
2732,Product_2731,D,87.5,32
2733,Product_2732,A,90,33
2734,Product_2733,B,92.5,34
2735,Product_2734,C,95,35
2736,Product_2735,D,97.5,36
2737,Product_2736,A,100,37
2739,Product_2738,C,105,39
2740,Product_2739,D,107.5,40
2741,Product_2740,A,110,41
2742,Product_2741,B,112.5,42
2743,Product_2742,C,115,43
2744,Product_2743,D,117.5,44
2745,Product_2744,A,120,45
2746,Product_2745,B,122.5,46
2747,Product_2746,C,125,47
2748,Product_2747,D,127.5,48
2749,Product_2748,A,130,49
2750,Product_2749,B,132.5,50
2751,Product_2750,C,10,51
2752,Product_2751,D,12.5,52
2753,Product_2752,A,15,53
2754,Product_2753,B,17.5,54
2757,Product_2756,A,25,57
2758,Product_2757,B,27.5,58
2759,Product_2758,C,30,59
2760,Product_2759,D,32.5,60
2762,Product_2761,B,37.5,62
2763,Product_2762,C,40,63
2764,Product_2763,D,42.5,64
2765,Product_2764,A,45,65
2766,Product_2765,B,47.5,66
2767,Product_2766,C,50,67
2768,Product_2767,D,52.5,68
2769,Product_2768,A,55,69
2770,Product_2769,B,57.5,70
2771,Product_2770,C,60,71
2773,Product_2772,A,65,73
2774,Product_2773,B,67.5,74
2775,Product_2774,C,70,75
2776,Product_2775,D,72.5,76
2777,Product_2776,A,75,77
2778,Product_2777,B,77.5,78
2779,Product_2778,C,80,79
2780,Product_2779,D,82.5,80
2781,Product_2780,A,85,81
2782,Product_2781,B,87.5,82
2783,Product_2782,C,90,83
2786,Product_2785,B,97.5,86
2787,Product_2786,C,100,87
2788,Product_2787,D,102.5,88
2790,Product_2789,B,107.5,90
2791,Product_2790,C,110,91
2792,Product_2791,D,112.5,92
2793,Product_2792,A,115,93
2794,Product_2793,B,117.5,94
2795,Product_2794,C,120,95
2796,Product_2795,D,122.5,96
2797,Product_2796,A,125,97
2798,Product_2797,B,127.5,98
2799,Product_2798,C,130,99
2800,Product_2799,D,132.5,100
2801,Product_2800,A,10,1
2802,Product_2801,B,12.5,2
2803,Product_2802,C,15,3
2804,Product_2803,D,17.5,4
2805,Product_2804,A,20,5
2808,Product_2807,D,27.5,8
2809,Product_2808,A,30,9
2810,Product_2809,B,32.5,10
2811,Product_2810,C,35,11
2812,Product_2811,D,37.5,12
2813,Product_2812,A,40,13
2815,Product_2814,C,45,15
2816,Product_2815,D,47.5,16
2817,Product_2816,A,50,17
2818,Product_2817,B,52.5,18
2819,Product_2818,C,55,19
2820,Product_2819,D,57.5,20
2821,Product_2820,A,60,21
2822,Product_2821,B,62.5,22
2824,Product_2823,D,67.5,24
2825,Product_2824,A,70,25
2826,Product_2825,B,72.5,26
2827,Product_2826,C,75,27
2828,Product_2827,D,77.5,28
2829,Product_2828,A,80,29
2831,Product_2830,C,85,31
2832,Product_2831,D,87.5,32
2833,Product_2832,A,90,33
2834,Product_2833,B,92.5,34
2835,Product_2834,C,95,35
2836,Product_2835,D,97.5,36
2837,Product_2836,A,100,37
2838,Product_2837,B,102.5,38
2839,Product_2838,C,105,39
2841,Product_2840,A,110,41
2842,Product_2841,B,112.5,42
2844,Product_2843,D,117.5,44
2845,Product_2844,A,120,45
2846,Product_2845,B,122.5,46
2847,Product_2846,C,125,47
2848,Product_2847,D,127.5,48
2849,Product_2848,A,130,49
2850,Product_2849,B,132.5,50
2851,Product_2850,C,10,51
2852,Product_2851,D,12.5,52
2854,Product_2853,B,17.5,54
2855,Product_2854,C,20,55
2856,Product_2855,D,22.5,56
2858,Product_2857,B,27.5,58
2859,Product_2858,C,30,59
2860,Product_2859,D,32.5,60
2861,Product_2860,A,35,61
2862,Product_2861,B,37.5,62
2863,Product_2862,C,40,63
2864,Product_2863,D,42.5,64
2865,Product_2864,A,45,65
2866,Product_2865,B,47.5,66
2867,Product_2866,C,50,67
2868,Product_2867,D,52.5,68
2869,Product_2868,A,55,69
2870,Product_2869,B,57.5,70
2871,Product_2870,C,60,71
2873,Product_2872,A,65,73
2875,Product_2874,C,70,75
2877,Product_2876,A,75,77
2878,Product_2877,B,77.5,78
2879,Product_2878,C,80,79
2880,Product_2879,D,82.5,80
2881,Product_2880,A,85,81
2882,Product_2881,B,87.5,82
2883,Product_2882,C,90,83
2884,Product_2883,D,92.5,84
2885,Product_2884,A,95,85
2886,Product_2885,B,97.5,86
2887,Product_2886,C,100,87
2888,Product_2887,D,102.5,88
2889,Product_2888,A,105,89
2890,Product_2889,B,107.5,90
2892,Product_2891,D,112.5,92
2893,Product_2892,A,115,93
2894,Product_2893,B,117.5,94
2895,Product_2894,C,120,95
2896,Product_2895,D,122.5,96
2897,Product_2896,A,125,97
2898,Product_2897,B,127.5,98
2900,Product_2899,D,132.5,100
2902,Product_2901,B,12.5,2
2903,Product_2902,C,15,3
2904,Product_2903,D,17.5,4
2905,Product_2904,A,20,5
2906,Product_2905,B,22.5,6
2907,Product_2906,C,25,7
2909,Product_2908,A,30,9
2910,Product_2909,B,32.5,10
2911,Product_2910,C,35,11
2912,Product_2911,D,37.5,12
2913,Product_2912,A,40,13
2914,Product_2913,B,42.5,14
2915,Product_2914,C,45,15
2916,Product_2915,D,47.5,16
2917,Product_2916,A,50,17
2918,Product_2917,B,52.5,18
2919,Product_2918,C,55,19
2920,Product_2919,D,57.5,20
2921,Product_2920,A,60,21
2923,Product_2922,C,65,23
2924,Product_2923,D,67.5,24
2926,Product_2925,B,72.5,26
2927,Product_2926,C,75,27
2928,Product_2927,D,77.5,28
2929,Product_2928,A,80,29
2931,Product_2930,C,85,31
2932,Product_2931,D,87.5,32
2933,Product_2932,A,90,33
2934,Product_2933,B,92.5,34
2935,Product_2934,C,95,35
2936,Product_2935,D,97.5,36
2937,Product_2936,A,100,37
2938,Product_2937,B,102.5,38
2939,Product_2938,C,105,39
2940,Product_2939,D,107.5,40
2941,Product_2940,A,110,41
2943,Product_2942,C,115,43
2944,Product_2943,D,117.5,44
2946,Product_2945,B,122.5,46
2947,Product_2946,C,125,47
2948,Product_2947,D,127.5,48
2949,Product_2948,A,130,49
2950,Product_2949,B,132.5,50
2951,Product_2950,C,10,51
2952,Product_2951,D,12.5,52
2953,Product_2952,A,15,53
2954,Product_2953,B,17.5,54
2955,Product_2954,C,20,55
2956,Product_2955,D,22.5,56
2957,Product_2956,A,25,57
2958,Product_2957,B,27.5,58
2960,Product_2959,D,32.5,60
2961,Product_2960,A,35,61
2962,Product_2961,B,37.5,62
2963,Product_2962,C,40,63
2964,Product_2963,D,42.5,64
2965,Product_2964,A,45,65
2966,Product_2965,B,47.5,66
2967,Product_2966,C,50,67
2969,Product_2968,A,55,69
2970,Product_2969,B,57.5,70
2971,Product_2970,C,60,71
2972,Product_2971,D,62.5,72
2973,Product_2972,A,65,73
2974,Product_2973,B,67.5,74
2975,Product_2974,C,70,75
2977,Product_2976,A,75,77
2978,Product_2977,B,77.5,78
2979,Product_2978,C,80,79
2980,Product_2979,D,82.5,80
2981,Product_2980,A,85,81
2982,Product_2981,B,87.5,82
2983,Product_2982,C,90,83
2984,Product_2983,D,92.5,84
2985,Product_2984,A,95,85
2986,Product_2985,B,97.5,86
2987,Product_2986,C,100,87
2989,Product_2988,A,105,89
2990,Product_2989,B,107.5,90
2992,Product_2991,D,112.5,92
2994,Product_2993,B,117.5,94
2995,Product_2994,C,120,95
2996,Product_2995,D,122.5,96
2997,Product_2996,A,125,97
2998,Product_2997,B,127.5,98
2999,Product_2998,C,130,99
3000,Product_2999,D,132.5,100
